system,probe_subject,probe_side,gallery_side,rank,predicted_subject,top1_correct,top5_correct,top10_correct,top1_palm,top1_dorsal,margin_top1_top2,probe_is_augmented
palm,11k:10,L,L,1,11k:10_L,True,True,True,11k:10_L,11k:10_L,0.3137379288673401,False
palm,11k:10,R,R,1,11k:10_R,True,True,True,11k:10_R,11k:10_R,0.3802419900894165,False
palm,11k:1000000,L,L,1,11k:1000000_L,True,True,True,11k:1000000_L,11k:1000000_L,0.6581932902336121,False
palm,11k:1000000,R,R,1,11k:1000000_R,True,True,True,11k:1000000_R,11k:1000000_R,0.4745997190475464,False
palm,11k:1005,L,L,1,11k:1005_L,True,True,True,11k:1005_L,11k:1005_L,0.2507336139678955,False
palm,11k:1005,R,R,1,11k:1005_R,True,True,True,11k:1005_R,11k:1005_R,0.22974535822868347,False
palm,11k:1008,L,L,1,11k:1008_L,True,True,True,11k:1008_L,11k:1008_L,0.6273537278175354,False
palm,11k:1008,R,R,1,11k:1008_R,True,True,True,11k:1008_R,11k:1008_R,0.581369161605835,False
palm,11k:1009,L,L,1,11k:1009_L,True,True,True,11k:1009_L,11k:1009_L,0.5553812682628632,False
palm,11k:1009,R,R,1,11k:1009_R,True,True,True,11k:1009_R,11k:1009_R,0.6464862525463104,False
palm,11k:1011,L,L,1,11k:1011_L,True,True,True,11k:1011_L,11k:1011_L,0.548014372587204,False
palm,11k:1011,R,R,1,11k:1011_R,True,True,True,11k:1011_R,11k:1011_R,0.6153340935707092,False
palm,11k:1013,L,L,1,11k:1013_L,True,True,True,11k:1013_L,11k:1013_L,0.6721751093864441,False
palm,11k:1013,R,R,1,11k:1013_R,True,True,True,11k:1013_R,11k:1013_R,0.6503960490226746,False
palm,11k:1014,L,L,1,11k:1014_L,True,True,True,11k:1014_L,11k:1014_L,0.6685045957565308,False
palm,11k:1014,R,R,1,11k:1014_R,True,True,True,11k:1014_R,11k:1014_R,0.5700385570526123,False
palm,11k:1018,L,L,1,11k:1018_L,True,True,True,11k:1018_L,11k:1018_L,0.5745915472507477,False
palm,11k:1018,R,R,1,11k:1018_R,True,True,True,11k:1018_R,11k:1018_R,0.6672172248363495,False
palm,11k:1019,L,L,1,11k:1019_L,True,True,True,11k:1019_L,11k:1019_L,0.7058980762958527,False
palm,11k:1019,R,R,1,11k:1019_R,True,True,True,11k:1019_R,11k:1019_R,0.5557806491851807,False
palm,11k:1020,L,L,1,11k:1020_L,True,True,True,11k:1020_L,11k:1020_L,0.6268087923526764,False
palm,11k:1020,R,R,1,11k:1020_R,True,True,True,11k:1020_R,11k:1020_R,0.6639502644538879,False
palm,11k:1021,L,L,1,11k:1021_L,True,True,True,11k:1021_L,11k:1021_L,0.7066372483968735,False
palm,11k:1021,R,R,1,11k:1021_R,True,True,True,11k:1021_R,11k:1021_R,0.7338851243257523,False
palm,11k:1023,L,L,23,11k:54_L,False,False,False,11k:54_L,11k:1023_L,0.009565949440002441,False
palm,11k:1023,R,R,1,11k:1023_R,True,True,True,11k:1023_R,11k:1023_R,0.46580538153648376,False
palm,11k:1024,L,L,1,11k:1024_L,True,True,True,11k:1024_L,11k:1024_L,0.5809629261493683,False
palm,11k:1024,R,R,1,11k:1024_R,True,True,True,11k:1024_R,11k:1024_R,0.6397686302661896,False
palm,11k:1028,L,L,1,11k:1028_L,True,True,True,11k:1028_L,11k:1028_L,0.4437367916107178,False
palm,11k:1028,R,R,1,11k:1028_R,True,True,True,11k:1028_R,11k:1028_R,0.4240880012512207,False
palm,11k:1029,L,L,1,11k:1029_L,True,True,True,11k:1029_L,11k:1029_L,0.6232163906097412,False
palm,11k:1029,R,R,1,11k:1029_R,True,True,True,11k:1029_R,11k:1029_R,0.5524211525917053,False
palm,11k:1032,L,L,1,11k:1032_L,True,True,True,11k:1032_L,11k:1032_L,0.5542953014373779,False
palm,11k:1032,R,R,1,11k:1032_R,True,True,True,11k:1032_R,11k:1032_R,0.5226130187511444,False
palm,11k:1033,L,L,1,11k:1033_L,True,True,True,11k:1033_L,11k:1033_L,0.7298082560300827,False
palm,11k:1033,R,R,1,11k:1033_R,True,True,True,11k:1033_R,11k:1033_R,0.5857995450496674,False
palm,11k:1034,L,L,1,11k:1034_L,True,True,True,11k:1034_L,11k:1034_L,0.6783367395401001,False
palm,11k:1034,R,R,1,11k:1034_R,True,True,True,11k:1034_R,11k:1034_R,0.6332589983940125,False
palm,11k:1035,L,L,1,11k:1035_L,True,True,True,11k:1035_L,11k:1035_L,0.6581678986549377,False
palm,11k:1035,R,R,1,11k:1035_R,True,True,True,11k:1035_R,11k:1035_R,0.6604370176792145,False
palm,11k:1037,L,L,1,11k:1037_L,True,True,True,11k:1037_L,11k:1037_L,0.6914866864681244,False
palm,11k:1037,R,R,1,11k:1037_R,True,True,True,11k:1037_R,11k:1037_R,0.6060949265956879,False
palm,11k:1039,L,L,1,11k:1039_L,True,True,True,11k:1039_L,11k:1039_L,0.6346194446086884,False
palm,11k:1039,R,R,1,11k:1039_R,True,True,True,11k:1039_R,11k:1039_R,0.6695593595504761,False
palm,11k:1041,L,L,1,11k:1041_L,True,True,True,11k:1041_L,11k:1041_L,0.6175940036773682,False
palm,11k:1041,R,R,1,11k:1041_R,True,True,True,11k:1041_R,11k:1041_R,0.6608124375343323,False
palm,11k:1043,L,L,1,11k:1043_L,True,True,True,11k:1043_L,11k:1043_L,0.605445921421051,False
palm,11k:1043,R,R,1,11k:1043_R,True,True,True,11k:1043_R,11k:1043_R,0.6008968651294708,False
palm,11k:1046,L,L,1,11k:1046_L,True,True,True,11k:1046_L,11k:1046_L,0.6176944077014923,False
palm,11k:1046,R,R,1,11k:1046_R,True,True,True,11k:1046_R,11k:1046_R,0.6129647195339203,False
palm,11k:1050,L,L,1,11k:1050_L,True,True,True,11k:1050_L,11k:1050_L,0.4777693748474121,False
palm,11k:1050,R,R,1,11k:1050_R,True,True,True,11k:1050_R,11k:1050_R,0.7325438261032104,False
palm,11k:1051,L,L,1,11k:1051_L,True,True,True,11k:1051_L,11k:1051_L,0.5049563646316528,False
palm,11k:1051,R,R,1,11k:1051_R,True,True,True,11k:1051_R,11k:1051_R,0.6108094453811646,False
palm,11k:1052,L,L,1,11k:1052_L,True,True,True,11k:1052_L,11k:1052_L,0.7094482481479645,False
palm,11k:1052,R,R,1,11k:1052_R,True,True,True,11k:1052_R,11k:1052_R,0.6623233556747437,False
palm,11k:1059,L,L,1,11k:1059_L,True,True,True,11k:1059_L,11k:1059_L,0.6848379969596863,False
palm,11k:1059,R,R,1,11k:1059_R,True,True,True,11k:1059_R,11k:1059_R,0.5096774399280548,False
palm,11k:1060,L,L,1,11k:1060_L,True,True,True,11k:1060_L,11k:1060_L,0.6906623840332031,False
palm,11k:1060,R,R,1,11k:1060_R,True,True,True,11k:1060_R,11k:1060_R,0.6093273162841797,False
palm,11k:1061,L,L,1,11k:1061_L,True,True,True,11k:1061_L,11k:1061_L,0.6248754858970642,False
palm,11k:1061,R,R,1,11k:1061_R,True,True,True,11k:1061_R,11k:1061_R,0.5035625100135803,False
palm,11k:1067,L,L,1,11k:1067_L,True,True,True,11k:1067_L,11k:1067_L,0.6323176622390747,False
palm,11k:1067,R,R,1,11k:1067_R,True,True,True,11k:1067_R,11k:1067_R,0.6863125264644623,False
palm,11k:1070,L,L,1,11k:1070_L,True,True,True,11k:1070_L,11k:1070_L,0.5696473121643066,False
palm,11k:1070,R,R,1,11k:1070_R,True,True,True,11k:1070_R,11k:1070_R,0.6676762402057648,False
palm,11k:1074,L,L,1,11k:1074_L,True,True,True,11k:1074_L,11k:1074_L,0.26535725593566895,False
palm,11k:1074,R,R,1,11k:1074_R,True,True,True,11k:1074_R,11k:1074_R,0.2894256114959717,False
palm,11k:1075,L,L,1,11k:1075_L,True,True,True,11k:1075_L,11k:1075_L,0.7001309990882874,False
palm,11k:1075,R,R,1,11k:1075_R,True,True,True,11k:1075_R,11k:1075_R,0.6904447674751282,False
palm,11k:1079,L,L,1,11k:1079_L,True,True,True,11k:1079_L,11k:1079_L,0.6278283596038818,False
palm,11k:1079,R,R,1,11k:1079_R,True,True,True,11k:1079_R,11k:1079_R,0.6462880969047546,False
palm,11k:1080,L,L,1,11k:1080_L,True,True,True,11k:1080_L,11k:1080_L,0.6381788849830627,False
palm,11k:1080,R,R,1,11k:1080_R,True,True,True,11k:1080_R,11k:1080_R,0.6436773836612701,False
palm,11k:1081,L,L,1,11k:1081_L,True,True,True,11k:1081_L,11k:1081_L,0.6174944639205933,False
palm,11k:1081,R,R,1,11k:1081_R,True,True,True,11k:1081_R,11k:1081_R,0.6776593029499054,False
palm,11k:1088,L,L,1,11k:1088_L,True,True,True,11k:1088_L,11k:1088_L,0.6335910558700562,False
palm,11k:1088,R,R,1,11k:1088_R,True,True,True,11k:1088_R,11k:1088_R,0.6457233726978302,False
palm,11k:1090,L,L,1,11k:1090_L,True,True,True,11k:1090_L,11k:1090_L,0.6432982683181763,False
palm,11k:1090,R,R,1,11k:1090_R,True,True,True,11k:1090_R,11k:1090_R,0.6578073501586914,False
palm,11k:1093,L,L,1,11k:1093_L,True,True,True,11k:1093_L,11k:1093_L,0.33962482213974,False
palm,11k:1093,R,R,1,11k:1093_R,True,True,True,11k:1093_R,11k:1093_R,0.31832921504974365,False
palm,11k:11,L,L,1,11k:11_L,True,True,True,11k:11_L,11k:11_L,0.5972810983657837,False
palm,11k:11,R,R,1,11k:11_R,True,True,True,11k:11_R,11k:11_R,0.6376080214977264,False
palm,11k:12,R,R,1,11k:12_R,True,True,True,11k:12_R,11k:12_R,0.6165756583213806,False
palm,11k:13,L,L,1,11k:13_L,True,True,True,11k:13_L,11k:13_L,0.3635486662387848,False
palm,11k:13,R,R,3,11k:54_R,False,True,True,11k:54_R,11k:13_R,0.015156388282775879,False
palm,11k:1503,L,L,1,11k:1503_L,True,True,True,11k:1503_L,11k:1503_L,0.6259593367576599,False
palm,11k:1503,R,R,1,11k:1503_R,True,True,True,11k:1503_R,11k:1503_R,0.6595149338245392,False
palm,11k:1504,L,L,1,11k:1504_L,True,True,True,11k:1504_L,11k:1504_L,0.6605513989925385,False
palm,11k:1504,R,R,1,11k:1504_R,True,True,True,11k:1504_R,11k:1504_R,0.608805775642395,False
palm,11k:1505,L,L,1,11k:1505_L,True,True,True,11k:1505_L,11k:1505_L,0.6477133631706238,False
palm,11k:1505,R,R,1,11k:1505_R,True,True,True,11k:1505_R,11k:1505_R,0.666083961725235,False
palm,11k:1509,L,L,1,11k:1509_L,True,True,True,11k:1509_L,11k:1509_L,0.5244045257568359,False
palm,11k:1509,R,R,1,11k:1509_R,True,True,True,11k:1509_R,11k:1509_R,0.514032781124115,False
palm,11k:1510,L,L,1,11k:1510_L,True,True,True,11k:1510_L,11k:1510_L,0.2267499566078186,False
palm,11k:1510,R,R,1,11k:1510_R,True,True,True,11k:1510_R,11k:1510_R,0.310302734375,False
palm,11k:1513,L,L,1,11k:1513_L,True,True,True,11k:1513_L,11k:1513_L,0.3681182563304901,False
palm,11k:1513,R,R,1,11k:1513_R,True,True,True,11k:1513_R,11k:1513_R,0.3939816355705261,False
palm,11k:1515,L,L,1,11k:1515_L,True,True,True,11k:1515_L,11k:1515_L,0.48674124479293823,False
palm,11k:1515,R,R,1,11k:1515_R,True,True,True,11k:1515_R,11k:1515_R,0.49348655343055725,False
palm,11k:1516,L,L,1,11k:1516_L,True,True,True,11k:1516_L,11k:1516_L,0.552921861410141,False
palm,11k:1516,R,R,1,11k:1516_R,True,True,True,11k:1516_R,11k:1516_R,0.48958712816238403,False
palm,11k:1517,L,L,1,11k:1517_L,True,True,True,11k:1517_L,11k:1517_L,0.5327339768409729,False
palm,11k:1517,R,R,1,11k:1517_R,True,True,True,11k:1517_R,11k:1517_R,0.645447850227356,False
palm,11k:1518,L,L,1,11k:1518_L,True,True,True,11k:1518_L,11k:1518_L,0.6652332246303558,False
palm,11k:1518,R,R,1,11k:1518_R,True,True,True,11k:1518_R,11k:1518_R,0.6339442133903503,False
palm,11k:1519,L,L,1,11k:1519_L,True,True,True,11k:1519_L,11k:1519_L,0.5316628515720367,False
palm,11k:1519,R,R,1,11k:1519_R,True,True,True,11k:1519_R,11k:1519_R,0.6528960168361664,False
palm,11k:1520,L,L,1,11k:1520_L,True,True,True,11k:1520_L,11k:1520_L,0.6745358407497406,False
palm,11k:1520,R,R,1,11k:1520_R,True,True,True,11k:1520_R,11k:1520_R,0.639135330915451,False
palm,11k:1525,L,L,1,11k:1525_L,True,True,True,11k:1525_L,11k:1525_L,0.48111048340797424,False
palm,11k:1525,R,R,1,11k:1525_R,True,True,True,11k:1525_R,11k:1525_R,0.6246430277824402,False
palm,11k:1531,L,L,1,11k:1531_L,True,True,True,11k:1531_L,11k:1531_L,0.673486590385437,False
palm,11k:1531,R,R,1,11k:1531_R,True,True,True,11k:1531_R,11k:1531_R,0.6958620846271515,False
palm,11k:1532,L,L,1,11k:1532_L,True,True,True,11k:1532_L,11k:1532_L,0.5823940634727478,False
palm,11k:1532,R,R,1,11k:1532_R,True,True,True,11k:1532_R,11k:1532_R,0.5217450559139252,False
palm,11k:1533,L,L,1,11k:1533_L,True,True,True,11k:1533_L,11k:1533_L,0.6781764030456543,False
palm,11k:1533,R,R,1,11k:1533_R,True,True,True,11k:1533_R,11k:1533_R,0.619123637676239,False
palm,11k:1535,L,L,1,11k:1535_L,True,True,True,11k:1535_L,11k:1535_L,0.5789952874183655,False
palm,11k:1535,R,R,1,11k:1535_R,True,True,True,11k:1535_R,11k:1535_R,0.6705925166606903,False
palm,11k:1536,L,L,1,11k:1536_L,True,True,True,11k:1536_L,11k:1536_L,0.5283133089542389,False
palm,11k:1536,R,R,1,11k:1536_R,True,True,True,11k:1536_R,11k:1536_R,0.517673671245575,False
palm,11k:1537,L,L,1,11k:1537_L,True,True,True,11k:1537_L,11k:1537_L,0.6983585357666016,False
palm,11k:1537,R,R,1,11k:1537_R,True,True,True,11k:1537_R,11k:1537_R,0.6550617814064026,False
palm,11k:1539,L,L,1,11k:1539_L,True,True,True,11k:1539_L,11k:1539_L,0.5595708787441254,False
palm,11k:1539,R,R,1,11k:1539_R,True,True,True,11k:1539_R,11k:1539_R,0.5953512489795685,False
palm,11k:1541,L,L,1,11k:1541_L,True,True,True,11k:1541_L,11k:1541_L,0.3968815207481384,False
palm,11k:1541,R,R,1,11k:1541_R,True,True,True,11k:1541_R,11k:1541_R,0.5842927396297455,False
palm,11k:1543,L,L,1,11k:1543_L,True,True,True,11k:1543_L,11k:1543_L,0.5950720608234406,False
palm,11k:1543,R,R,1,11k:1543_R,True,True,True,11k:1543_R,11k:1543_R,0.6818578392267227,False
palm,11k:1544,L,L,1,11k:1544_L,True,True,True,11k:1544_L,11k:1544_L,0.5777106583118439,False
palm,11k:1544,R,R,1,11k:1544_R,True,True,True,11k:1544_R,11k:1544_R,0.5407876372337341,False
palm,11k:1545,L,L,1,11k:1545_L,True,True,True,11k:1545_L,11k:1545_L,0.5821898877620697,False
palm,11k:1545,R,R,1,11k:1545_R,True,True,True,11k:1545_R,11k:1545_R,0.6964192688465118,False
palm,11k:1547,L,L,1,11k:1547_L,True,True,True,11k:1547_L,11k:1547_L,0.4826809763908386,False
palm,11k:1547,R,R,1,11k:1547_R,True,True,True,11k:1547_R,11k:1547_R,0.4876641035079956,False
palm,11k:1553,L,L,1,11k:1553_L,True,True,True,11k:1553_L,11k:1553_L,0.6195901334285736,False
palm,11k:1553,R,R,1,11k:1553_R,True,True,True,11k:1553_R,11k:1553_R,0.5259065330028534,False
palm,11k:1555,L,L,1,11k:1555_L,True,True,True,11k:1555_L,11k:1555_L,0.5636377334594727,False
palm,11k:1555,R,R,1,11k:1555_R,True,True,True,11k:1555_R,11k:1555_R,0.629177451133728,False
palm,11k:1556,L,L,1,11k:1556_L,True,True,True,11k:1556_L,11k:1556_L,0.6915577352046967,False
palm,11k:1556,R,R,1,11k:1556_R,True,True,True,11k:1556_R,11k:1556_R,0.6331921815872192,False
palm,11k:1558,L,L,1,11k:1558_L,True,True,True,11k:1558_L,11k:1558_L,0.7112233638763428,False
palm,11k:1558,R,R,1,11k:1558_R,True,True,True,11k:1558_R,11k:1558_R,0.6399450302124023,False
palm,11k:1562,L,L,1,11k:1562_L,True,True,True,11k:1562_L,11k:1562_L,0.674310177564621,False
palm,11k:1562,R,R,1,11k:1562_R,True,True,True,11k:1562_R,11k:1562_R,0.5138413906097412,False
palm,11k:1567,L,L,1,11k:1567_L,True,True,True,11k:1567_L,11k:1567_L,0.6524616181850433,False
palm,11k:1567,R,R,1,11k:1567_R,True,True,True,11k:1567_R,11k:1567_R,0.7032848298549652,False
palm,11k:1571,L,L,1,11k:1571_L,True,True,True,11k:1571_L,11k:1571_L,0.2689932584762573,False
palm,11k:1571,R,R,1,11k:1571_R,True,True,True,11k:1571_R,11k:1571_R,0.25288403034210205,False
palm,11k:1579,L,L,1,11k:1579_L,True,True,True,11k:1579_L,11k:1579_L,0.632169097661972,False
palm,11k:1579,R,R,1,11k:1579_R,True,True,True,11k:1579_R,11k:1579_R,0.6964142918586731,False
palm,11k:1585,L,L,1,11k:1585_L,True,True,True,11k:1585_L,11k:1585_L,0.6353393495082855,False
palm,11k:1585,R,R,1,11k:1585_R,True,True,True,11k:1585_R,11k:1585_R,0.4658977687358856,False
palm,11k:1588,L,L,1,11k:1588_L,True,True,True,11k:1588_L,11k:1588_L,0.6841333210468292,False
palm,11k:1588,R,R,1,11k:1588_R,True,True,True,11k:1588_R,11k:1588_R,0.6156429052352905,False
palm,11k:1589,L,L,1,11k:1589_L,True,True,True,11k:1589_L,11k:1589_L,0.5734001994132996,False
palm,11k:1589,R,R,1,11k:1589_R,True,True,True,11k:1589_R,11k:1589_R,0.6974433064460754,False
palm,11k:1592,L,L,1,11k:1592_L,True,True,True,11k:1592_L,11k:594_L,0.24301034212112427,False
palm,11k:1592,R,R,2,11k:81_R,False,True,True,11k:81_R,11k:1592_R,0.13122522830963135,False
palm,11k:1593,L,L,1,11k:1593_L,True,True,True,11k:1593_L,11k:1593_L,0.5809480845928192,False
palm,11k:1593,R,R,1,11k:1593_R,True,True,True,11k:1593_R,11k:1593_R,0.5335565805435181,False
palm,11k:1594,L,L,1,11k:1594_L,True,True,True,11k:1594_L,11k:1594_L,0.7046791315078735,False
palm,11k:1594,R,R,1,11k:1594_R,True,True,True,11k:1594_R,11k:1594_R,0.6662662327289581,False
palm,11k:3000000,L,L,1,11k:3000000_L,True,True,True,11k:3000000_L,11k:3000000_L,0.45328760147094727,False
palm,11k:3000000,R,R,1,11k:3000000_R,True,True,True,11k:3000000_R,11k:3000000_R,0.45093369483947754,False
palm,11k:538,L,L,1,11k:538_L,True,True,True,11k:538_L,11k:538_L,0.6988212168216705,False
palm,11k:538,R,R,1,11k:538_R,True,True,True,11k:538_R,11k:538_R,0.6400421559810638,False
palm,11k:54,L,L,1,11k:54_L,True,True,True,11k:54_L,11k:54_L,0.11005055904388428,False
palm,11k:54,R,R,1,11k:54_R,True,True,True,11k:54_R,11k:54_R,0.32122495770454407,False
palm,11k:541,L,L,1,11k:541_L,True,True,True,11k:541_L,11k:541_L,0.597841203212738,False
palm,11k:541,R,R,1,11k:541_R,True,True,True,11k:541_R,11k:541_R,0.6204943358898163,False
palm,11k:543,L,L,1,11k:543_L,True,True,True,11k:543_L,11k:543_L,0.24176102876663208,False
palm,11k:543,R,R,1,11k:543_R,True,True,True,11k:543_R,11k:543_R,0.1538202166557312,False
palm,11k:546,L,L,1,11k:546_L,True,True,True,11k:546_L,11k:546_L,0.6387585401535034,False
palm,11k:546,R,R,1,11k:546_R,True,True,True,11k:546_R,11k:546_R,0.6043075621128082,False
palm,11k:55,L,L,1,11k:55_L,True,True,True,11k:55_L,11k:55_L,0.639449805021286,False
palm,11k:55,R,R,1,11k:55_R,True,True,True,11k:55_R,11k:55_R,0.6831401586532593,False
palm,11k:552,L,L,1,11k:552_L,True,True,True,11k:552_L,11k:552_L,0.6966890096664429,False
palm,11k:552,R,R,1,11k:552_R,True,True,True,11k:552_R,11k:552_R,0.6421238481998444,False
palm,11k:559,L,L,1,11k:559_L,True,True,True,11k:559_L,11k:559_L,0.18355822563171387,False
palm,11k:559,R,R,5,11k:65_R,False,True,True,11k:65_R,11k:559_R,0.11716854572296143,False
palm,11k:57,L,L,1,11k:57_L,True,True,True,11k:57_L,11k:57_L,0.5996722280979156,False
palm,11k:57,R,R,1,11k:57_R,True,True,True,11k:57_R,11k:57_R,0.6615628004074097,False
palm,11k:570,L,L,1,11k:570_L,True,True,True,11k:570_L,11k:570_L,0.66546431183815,False
palm,11k:570,R,R,1,11k:570_R,True,True,True,11k:570_R,11k:570_R,0.5336624681949615,False
palm,11k:571,L,L,1,11k:571_L,True,True,True,11k:571_L,11k:571_L,0.36416861414909363,False
palm,11k:571,R,R,1,11k:571_R,True,True,True,11k:571_R,11k:571_R,0.4865249991416931,False
palm,11k:572,L,L,1,11k:572_L,True,True,True,11k:572_L,11k:572_L,0.34946930408477783,False
palm,11k:572,R,R,1,11k:572_R,True,True,True,11k:572_R,11k:572_R,0.2533859610557556,False
palm,11k:573,L,L,1,11k:573_L,True,True,True,11k:573_L,11k:573_L,0.654855489730835,False
palm,11k:573,R,R,1,11k:573_R,True,True,True,11k:573_R,11k:573_R,0.6661469340324402,False
palm,11k:581,L,L,1,11k:581_L,True,True,True,11k:581_L,11k:581_L,0.6469466388225555,False
palm,11k:581,R,R,1,11k:581_R,True,True,True,11k:581_R,11k:581_R,0.6677567958831787,False
palm,11k:586,L,L,1,11k:586_L,True,True,True,11k:586_L,11k:586_L,0.6454919278621674,False
palm,11k:586,R,R,1,11k:586_R,True,True,True,11k:586_R,11k:586_R,0.6069794595241547,False
palm,11k:587,L,L,1,11k:587_L,True,True,True,11k:587_L,11k:587_L,0.6936283111572266,False
palm,11k:587,R,R,1,11k:587_R,True,True,True,11k:587_R,11k:587_R,0.6182909905910492,False
palm,11k:588,L,L,1,11k:588_L,True,True,True,11k:588_L,11k:588_L,0.4608944058418274,False
palm,11k:588,R,R,1,11k:588_R,True,True,True,11k:588_R,11k:588_R,0.5786006152629852,False
palm,11k:594,L,L,1,11k:594_L,True,True,True,11k:594_L,11k:594_L,0.513246089220047,False
palm,11k:594,R,R,1,11k:594_R,True,True,True,11k:594_R,11k:594_R,0.4964863061904907,False
palm,11k:595,L,L,1,11k:595_L,True,True,True,11k:595_L,11k:595_L,0.6564124822616577,False
palm,11k:595,R,R,1,11k:595_R,True,True,True,11k:595_R,11k:595_R,0.5620090961456299,False
palm,11k:596,L,L,1,11k:596_L,True,True,True,11k:596_L,11k:596_L,0.6232838034629822,False
palm,11k:596,R,R,1,11k:596_R,True,True,True,11k:596_R,11k:596_R,0.6591286659240723,False
palm,11k:6000000,L,L,1,11k:6000000_L,True,True,True,11k:6000000_L,11k:6000000_L,0.5475178062915802,False
palm,11k:6000000,R,R,1,11k:6000000_R,True,True,True,11k:6000000_R,11k:6000000_R,0.468426376581192,False
palm,11k:62,L,L,1,11k:62_L,True,True,True,11k:62_L,11k:62_L,0.6621288061141968,False
palm,11k:62,R,R,1,11k:62_R,True,True,True,11k:62_R,11k:62_R,0.629907488822937,False
palm,11k:65,L,L,1,11k:65_L,True,True,True,11k:65_L,11k:65_L,0.43869197368621826,False
palm,11k:65,R,R,1,11k:65_R,True,True,True,11k:65_R,11k:65_R,0.5641340911388397,False
palm,11k:66,L,L,1,11k:66_L,True,True,True,11k:66_L,11k:66_L,0.5425547957420349,False
palm,11k:66,R,R,1,11k:66_R,True,True,True,11k:66_R,11k:66_R,0.6316812038421631,False
palm,11k:7000000,L,L,1,11k:7000000_L,True,True,True,11k:7000000_L,11k:7000000_L,0.635861873626709,False
palm,11k:7000000,R,R,1,11k:7000000_R,True,True,True,11k:7000000_R,11k:7000000_R,0.5343952178955078,False
palm,11k:8,L,L,1,11k:8_L,True,True,True,11k:8_L,11k:8_L,0.4344536066055298,False
palm,11k:8,R,R,1,11k:8_R,True,True,True,11k:8_R,11k:8_R,0.5540591478347778,False
palm,11k:81,L,L,1,11k:81_L,True,True,True,11k:81_L,11k:81_L,0.6014218628406525,False
palm,11k:81,R,R,1,11k:81_R,True,True,True,11k:81_R,11k:81_R,0.42907893657684326,False
palm,11k:86,L,L,1,11k:86_L,True,True,True,11k:86_L,11k:86_L,0.3942072093486786,False
palm,11k:86,R,R,1,11k:86_R,True,True,True,11k:86_R,11k:86_R,0.5221123993396759,False
palm,11k:88,L,L,1,11k:88_L,True,True,True,11k:88_L,11k:88_L,0.5237649381160736,False
palm,11k:88,R,R,1,11k:88_R,True,True,True,11k:88_R,11k:88_R,0.575503945350647,False
palm,11k:9000000,L,L,1,11k:9000000_L,True,True,True,11k:9000000_L,11k:9000000_L,0.6816542148590088,False
palm,11k:9000000,R,R,1,11k:9000000_R,True,True,True,11k:9000000_R,11k:9000000_R,0.6207868754863739,False
palm,11k:92,L,L,1,11k:92_L,True,True,True,11k:92_L,11k:92_L,0.20035433769226074,False
palm,11k:92,R,R,1,11k:92_R,True,True,True,11k:92_R,11k:92_R,0.39245522022247314,False
dorsal,11k:10,L,L,1,11k:10_L,True,True,True,11k:10_L,11k:10_L,0.5246096551418304,False
dorsal,11k:10,R,R,1,11k:10_R,True,True,True,11k:10_R,11k:10_R,0.49529457092285156,False
dorsal,11k:1000000,L,L,1,11k:1000000_L,True,True,True,11k:1000000_L,11k:1000000_L,0.5789754092693329,False
dorsal,11k:1000000,R,R,1,11k:1000000_R,True,True,True,11k:1000000_R,11k:1000000_R,0.47778794169425964,False
dorsal,11k:1005,L,L,1,11k:1005_L,True,True,True,11k:1005_L,11k:1005_L,0.40498000383377075,False
dorsal,11k:1005,R,R,1,11k:1005_R,True,True,True,11k:1005_R,11k:1005_R,0.335994690656662,False
dorsal,11k:1008,L,L,1,11k:1008_L,True,True,True,11k:1008_L,11k:1008_L,0.5378116965293884,False
dorsal,11k:1008,R,R,1,11k:1008_R,True,True,True,11k:1008_R,11k:1008_R,0.5450409054756165,False
dorsal,11k:1009,L,L,1,11k:1009_L,True,True,True,11k:1009_L,11k:1009_L,0.502103865146637,False
dorsal,11k:1009,R,R,1,11k:1009_R,True,True,True,11k:1009_R,11k:1009_R,0.6195877492427826,False
dorsal,11k:1011,L,L,1,11k:1011_L,True,True,True,11k:1011_L,11k:1011_L,0.6142872869968414,False
dorsal,11k:1011,R,R,1,11k:1011_R,True,True,True,11k:1011_R,11k:1011_R,0.6084043383598328,False
dorsal,11k:1013,L,L,1,11k:1013_L,True,True,True,11k:1013_L,11k:1013_L,0.5854248404502869,False
dorsal,11k:1013,R,R,1,11k:1013_R,True,True,True,11k:1013_R,11k:1013_R,0.6596526205539703,False
dorsal,11k:1014,L,L,1,11k:1014_L,True,True,True,11k:1014_L,11k:1014_L,0.44380199909210205,False
dorsal,11k:1014,R,R,1,11k:1014_R,True,True,True,11k:1014_R,11k:1014_R,0.4649718999862671,False
dorsal,11k:1018,L,L,1,11k:1018_L,True,True,True,11k:1018_L,11k:1018_L,0.6575743556022644,False
dorsal,11k:1018,R,R,1,11k:1018_R,True,True,True,11k:1018_R,11k:1018_R,0.6299575567245483,False
dorsal,11k:1019,L,L,1,11k:1019_L,True,True,True,11k:1019_L,11k:1019_L,0.3674200773239136,False
dorsal,11k:1019,R,R,1,11k:1019_R,True,True,True,11k:1019_R,11k:1019_R,0.482343465089798,False
dorsal,11k:1020,L,L,1,11k:1020_L,True,True,True,11k:1020_L,11k:1020_L,0.6150303483009338,False
dorsal,11k:1020,R,R,1,11k:1020_R,True,True,True,11k:1020_R,11k:1020_R,0.620233565568924,False
dorsal,11k:1021,L,L,1,11k:1021_L,True,True,True,11k:1021_L,11k:1021_L,0.6041635572910309,False
dorsal,11k:1021,R,R,1,11k:1021_R,True,True,True,11k:1021_R,11k:1021_R,0.5990228652954102,False
dorsal,11k:1023,L,L,1,11k:1023_L,True,True,True,11k:54_L,11k:1023_L,0.25619444251060486,False
dorsal,11k:1023,R,R,1,11k:1023_R,True,True,True,11k:1023_R,11k:1023_R,0.33208131790161133,False
dorsal,11k:1024,L,L,1,11k:1024_L,True,True,True,11k:1024_L,11k:1024_L,0.4617198705673218,False
dorsal,11k:1024,R,R,1,11k:1024_R,True,True,True,11k:1024_R,11k:1024_R,0.5309062600135803,False
dorsal,11k:1028,L,L,1,11k:1028_L,True,True,True,11k:1028_L,11k:1028_L,0.2677297592163086,False
dorsal,11k:1028,R,R,1,11k:1028_R,True,True,True,11k:1028_R,11k:1028_R,0.31982022523880005,False
dorsal,11k:1029,L,L,1,11k:1029_L,True,True,True,11k:1029_L,11k:1029_L,0.612095832824707,False
dorsal,11k:1029,R,R,1,11k:1029_R,True,True,True,11k:1029_R,11k:1029_R,0.6194639801979065,False
dorsal,11k:1032,L,L,1,11k:1032_L,True,True,True,11k:1032_L,11k:1032_L,0.6036376655101776,False
dorsal,11k:1032,R,R,1,11k:1032_R,True,True,True,11k:1032_R,11k:1032_R,0.5495306849479675,False
dorsal,11k:1033,L,L,1,11k:1033_L,True,True,True,11k:1033_L,11k:1033_L,0.4421893060207367,False
dorsal,11k:1033,R,R,1,11k:1033_R,True,True,True,11k:1033_R,11k:1033_R,0.5449128150939941,False
dorsal,11k:1034,L,L,1,11k:1034_L,True,True,True,11k:1034_L,11k:1034_L,0.5496646463871002,False
dorsal,11k:1034,R,R,1,11k:1034_R,True,True,True,11k:1034_R,11k:1034_R,0.6336086094379425,False
dorsal,11k:1035,L,L,1,11k:1035_L,True,True,True,11k:1035_L,11k:1035_L,0.6302593946456909,False
dorsal,11k:1035,R,R,1,11k:1035_R,True,True,True,11k:1035_R,11k:1035_R,0.6463816463947296,False
dorsal,11k:1037,L,L,1,11k:1037_L,True,True,True,11k:1037_L,11k:1037_L,0.4713529050350189,False
dorsal,11k:1037,R,R,1,11k:1037_R,True,True,True,11k:1037_R,11k:1037_R,0.5063015818595886,False
dorsal,11k:1039,L,L,1,11k:1039_L,True,True,True,11k:1039_L,11k:1039_L,0.581686794757843,False
dorsal,11k:1039,R,R,1,11k:1039_R,True,True,True,11k:1039_R,11k:1039_R,0.49515968561172485,False
dorsal,11k:1041,L,L,1,11k:1041_L,True,True,True,11k:1041_L,11k:1041_L,0.5930955410003662,False
dorsal,11k:1041,R,R,1,11k:1041_R,True,True,True,11k:1041_R,11k:1041_R,0.5899299383163452,False
dorsal,11k:1043,L,L,1,11k:1043_L,True,True,True,11k:1043_L,11k:1043_L,0.6464420258998871,False
dorsal,11k:1043,R,R,1,11k:1043_R,True,True,True,11k:1043_R,11k:1043_R,0.4822630286216736,False
dorsal,11k:1046,L,L,1,11k:1046_L,True,True,True,11k:1046_L,11k:1046_L,0.5653631687164307,False
dorsal,11k:1046,R,R,1,11k:1046_R,True,True,True,11k:1046_R,11k:1046_R,0.5968087017536163,False
dorsal,11k:1050,L,L,1,11k:1050_L,True,True,True,11k:1050_L,11k:1050_L,0.531524121761322,False
dorsal,11k:1050,R,R,1,11k:1050_R,True,True,True,11k:1050_R,11k:1050_R,0.5401048064231873,False
dorsal,11k:1051,L,L,1,11k:1051_L,True,True,True,11k:1051_L,11k:1051_L,0.4463169574737549,False
dorsal,11k:1051,R,R,1,11k:1051_R,True,True,True,11k:1051_R,11k:1051_R,0.5791856944561005,False
dorsal,11k:1052,L,L,1,11k:1052_L,True,True,True,11k:1052_L,11k:1052_L,0.5836370289325714,False
dorsal,11k:1052,R,R,1,11k:1052_R,True,True,True,11k:1052_R,11k:1052_R,0.6342124938964844,False
dorsal,11k:1059,L,L,1,11k:1059_L,True,True,True,11k:1059_L,11k:1059_L,0.5766165852546692,False
dorsal,11k:1059,R,R,1,11k:1059_R,True,True,True,11k:1059_R,11k:1059_R,0.6092501878738403,False
dorsal,11k:1060,L,L,1,11k:1060_L,True,True,True,11k:1060_L,11k:1060_L,0.4496594965457916,False
dorsal,11k:1060,R,R,1,11k:1060_R,True,True,True,11k:1060_R,11k:1060_R,0.5787338614463806,False
dorsal,11k:1061,L,L,1,11k:1061_L,True,True,True,11k:1061_L,11k:1061_L,0.5993478298187256,False
dorsal,11k:1061,R,R,1,11k:1061_R,True,True,True,11k:1061_R,11k:1061_R,0.6610011160373688,False
dorsal,11k:1067,L,L,1,11k:1067_L,True,True,True,11k:1067_L,11k:1067_L,0.5954790413379669,False
dorsal,11k:1067,R,R,1,11k:1067_R,True,True,True,11k:1067_R,11k:1067_R,0.640109658241272,False
dorsal,11k:1070,L,L,1,11k:1070_L,True,True,True,11k:1070_L,11k:1070_L,0.44769158959388733,False
dorsal,11k:1070,R,R,1,11k:1070_R,True,True,True,11k:1070_R,11k:1070_R,0.4117004871368408,False
dorsal,11k:1074,L,L,1,11k:1074_L,True,True,True,11k:1074_L,11k:1074_L,0.41347604990005493,False
dorsal,11k:1074,R,R,1,11k:1074_R,True,True,True,11k:1074_R,11k:1074_R,0.3860357999801636,False
dorsal,11k:1075,L,L,1,11k:1075_L,True,True,True,11k:1075_L,11k:1075_L,0.5745691657066345,False
dorsal,11k:1075,R,R,1,11k:1075_R,True,True,True,11k:1075_R,11k:1075_R,0.6476812362670898,False
dorsal,11k:1079,L,L,1,11k:1079_L,True,True,True,11k:1079_L,11k:1079_L,0.6518225967884064,False
dorsal,11k:1079,R,R,1,11k:1079_R,True,True,True,11k:1079_R,11k:1079_R,0.5575487017631531,False
dorsal,11k:1080,L,L,1,11k:1080_L,True,True,True,11k:1080_L,11k:1080_L,0.683120459318161,False
dorsal,11k:1080,R,R,1,11k:1080_R,True,True,True,11k:1080_R,11k:1080_R,0.6478090882301331,False
dorsal,11k:1081,L,L,1,11k:1081_L,True,True,True,11k:1081_L,11k:1081_L,0.5232749283313751,False
dorsal,11k:1081,R,R,1,11k:1081_R,True,True,True,11k:1081_R,11k:1081_R,0.5795201361179352,False
dorsal,11k:1088,L,L,1,11k:1088_L,True,True,True,11k:1088_L,11k:1088_L,0.5722882151603699,False
dorsal,11k:1088,R,R,1,11k:1088_R,True,True,True,11k:1088_R,11k:1088_R,0.6451967358589172,False
dorsal,11k:1090,L,L,1,11k:1090_L,True,True,True,11k:1090_L,11k:1090_L,0.5464721620082855,False
dorsal,11k:1090,R,R,1,11k:1090_R,True,True,True,11k:1090_R,11k:1090_R,0.5341654121875763,False
dorsal,11k:1093,L,L,1,11k:1093_L,True,True,True,11k:1093_L,11k:1093_L,0.35546809434890747,False
dorsal,11k:1093,R,R,1,11k:1093_R,True,True,True,11k:1093_R,11k:1093_R,0.5050475895404816,False
dorsal,11k:11,L,L,1,11k:11_L,True,True,True,11k:11_L,11k:11_L,0.40637797117233276,False
dorsal,11k:11,R,R,1,11k:11_R,True,True,True,11k:11_R,11k:11_R,0.45289188623428345,False
dorsal,11k:12,R,R,1,11k:12_R,True,True,True,11k:12_R,11k:12_R,0.48917990922927856,False
dorsal,11k:13,L,L,1,11k:13_L,True,True,True,11k:13_L,11k:13_L,0.26901179552078247,False
dorsal,11k:13,R,R,1,11k:13_R,True,True,True,11k:54_R,11k:13_R,0.38005033135414124,False
dorsal,11k:1503,L,L,1,11k:1503_L,True,True,True,11k:1503_L,11k:1503_L,0.49624723196029663,False
dorsal,11k:1503,R,R,1,11k:1503_R,True,True,True,11k:1503_R,11k:1503_R,0.5238897204399109,False
dorsal,11k:1504,L,L,1,11k:1504_L,True,True,True,11k:1504_L,11k:1504_L,0.5645838975906372,False
dorsal,11k:1504,R,R,1,11k:1504_R,True,True,True,11k:1504_R,11k:1504_R,0.5447752773761749,False
dorsal,11k:1505,L,L,1,11k:1505_L,True,True,True,11k:1505_L,11k:1505_L,0.663286954164505,False
dorsal,11k:1505,R,R,1,11k:1505_R,True,True,True,11k:1505_R,11k:1505_R,0.6267186105251312,False
dorsal,11k:1509,L,L,1,11k:1509_L,True,True,True,11k:1509_L,11k:1509_L,0.5647225081920624,False
dorsal,11k:1509,R,R,1,11k:1509_R,True,True,True,11k:1509_R,11k:1509_R,0.4693460166454315,False
dorsal,11k:1510,L,L,1,11k:1510_L,True,True,True,11k:1510_L,11k:1510_L,0.18512344360351562,False
dorsal,11k:1510,R,R,1,11k:1510_R,True,True,True,11k:1510_R,11k:1510_R,0.29679036140441895,False
dorsal,11k:1513,L,L,1,11k:1513_L,True,True,True,11k:1513_L,11k:1513_L,0.3868570923805237,False
dorsal,11k:1513,R,R,1,11k:1513_R,True,True,True,11k:1513_R,11k:1513_R,0.5025595426559448,False
dorsal,11k:1515,L,L,1,11k:1515_L,True,True,True,11k:1515_L,11k:1515_L,0.48839884996414185,False
dorsal,11k:1515,R,R,1,11k:1515_R,True,True,True,11k:1515_R,11k:1515_R,0.38841748237609863,False
dorsal,11k:1516,L,L,1,11k:1516_L,True,True,True,11k:1516_L,11k:1516_L,0.4339626431465149,False
dorsal,11k:1516,R,R,1,11k:1516_R,True,True,True,11k:1516_R,11k:1516_R,0.38895851373672485,False
dorsal,11k:1517,L,L,1,11k:1517_L,True,True,True,11k:1517_L,11k:1517_L,0.6450954079627991,False
dorsal,11k:1517,R,R,1,11k:1517_R,True,True,True,11k:1517_R,11k:1517_R,0.5814367234706879,False
dorsal,11k:1518,L,L,1,11k:1518_L,True,True,True,11k:1518_L,11k:1518_L,0.5248805284500122,False
dorsal,11k:1518,R,R,1,11k:1518_R,True,True,True,11k:1518_R,11k:1518_R,0.5681525766849518,False
dorsal,11k:1519,L,L,1,11k:1519_L,True,True,True,11k:1519_L,11k:1519_L,0.39102882146835327,False
dorsal,11k:1519,R,R,1,11k:1519_R,True,True,True,11k:1519_R,11k:1519_R,0.5007730722427368,False
dorsal,11k:1520,L,L,1,11k:1520_L,True,True,True,11k:1520_L,11k:1520_L,0.6451778411865234,False
dorsal,11k:1520,R,R,1,11k:1520_R,True,True,True,11k:1520_R,11k:1520_R,0.588798314332962,False
dorsal,11k:1525,L,L,1,11k:1525_L,True,True,True,11k:1525_L,11k:1525_L,0.5637874007225037,False
dorsal,11k:1525,R,R,1,11k:1525_R,True,True,True,11k:1525_R,11k:1525_R,0.5231276750564575,False
dorsal,11k:1531,L,L,1,11k:1531_L,True,True,True,11k:1531_L,11k:1531_L,0.5017141699790955,False
dorsal,11k:1531,R,R,1,11k:1531_R,True,True,True,11k:1531_R,11k:1531_R,0.5791752934455872,False
dorsal,11k:1532,L,L,1,11k:1532_L,True,True,True,11k:1532_L,11k:1532_L,0.22964686155319214,False
dorsal,11k:1532,R,R,1,11k:1532_R,True,True,True,11k:1532_R,11k:1532_R,0.4601204991340637,False
dorsal,11k:1533,L,L,1,11k:1533_L,True,True,True,11k:1533_L,11k:1533_L,0.6296999752521515,False
dorsal,11k:1533,R,R,1,11k:1533_R,True,True,True,11k:1533_R,11k:1533_R,0.5679599940776825,False
dorsal,11k:1535,L,L,1,11k:1535_L,True,True,True,11k:1535_L,11k:1535_L,0.6272597908973694,False
dorsal,11k:1535,R,R,1,11k:1535_R,True,True,True,11k:1535_R,11k:1535_R,0.5891323983669281,False
dorsal,11k:1536,L,L,1,11k:1536_L,True,True,True,11k:1536_L,11k:1536_L,0.5714084208011627,False
dorsal,11k:1536,R,R,1,11k:1536_R,True,True,True,11k:1536_R,11k:1536_R,0.5227514803409576,False
dorsal,11k:1537,L,L,1,11k:1537_L,True,True,True,11k:1537_L,11k:1537_L,0.6807229518890381,False
dorsal,11k:1537,R,R,1,11k:1537_R,True,True,True,11k:1537_R,11k:1537_R,0.5924025774002075,False
dorsal,11k:1539,L,L,1,11k:1539_L,True,True,True,11k:1539_L,11k:1539_L,0.6232262849807739,False
dorsal,11k:1539,R,R,1,11k:1539_R,True,True,True,11k:1539_R,11k:1539_R,0.5931170582771301,False
dorsal,11k:1541,L,L,1,11k:1541_L,True,True,True,11k:1541_L,11k:1541_L,0.6319278180599213,False
dorsal,11k:1541,R,R,1,11k:1541_R,True,True,True,11k:1541_R,11k:1541_R,0.5214658379554749,False
dorsal,11k:1543,L,L,1,11k:1543_L,True,True,True,11k:1543_L,11k:1543_L,0.4673517048358917,False
dorsal,11k:1543,R,R,1,11k:1543_R,True,True,True,11k:1543_R,11k:1543_R,0.40781456232070923,False
dorsal,11k:1544,L,L,1,11k:1544_L,True,True,True,11k:1544_L,11k:1544_L,0.5809222459793091,False
dorsal,11k:1544,R,R,1,11k:1544_R,True,True,True,11k:1544_R,11k:1544_R,0.5991659462451935,False
dorsal,11k:1545,L,L,1,11k:1545_L,True,True,True,11k:1545_L,11k:1545_L,0.5418318808078766,False
dorsal,11k:1545,R,R,1,11k:1545_R,True,True,True,11k:1545_R,11k:1545_R,0.5943121314048767,False
dorsal,11k:1547,L,L,1,11k:1547_L,True,True,True,11k:1547_L,11k:1547_L,0.6599417626857758,False
dorsal,11k:1547,R,R,1,11k:1547_R,True,True,True,11k:1547_R,11k:1547_R,0.6288508176803589,False
dorsal,11k:1553,L,L,1,11k:1553_L,True,True,True,11k:1553_L,11k:1553_L,0.4719790816307068,False
dorsal,11k:1553,R,R,1,11k:1553_R,True,True,True,11k:1553_R,11k:1553_R,0.5439108610153198,False
dorsal,11k:1555,L,L,1,11k:1555_L,True,True,True,11k:1555_L,11k:1555_L,0.5254034698009491,False
dorsal,11k:1555,R,R,1,11k:1555_R,True,True,True,11k:1555_R,11k:1555_R,0.5001950860023499,False
dorsal,11k:1556,L,L,1,11k:1556_L,True,True,True,11k:1556_L,11k:1556_L,0.5900856256484985,False
dorsal,11k:1556,R,R,1,11k:1556_R,True,True,True,11k:1556_R,11k:1556_R,0.6165788471698761,False
dorsal,11k:1558,L,L,1,11k:1558_L,True,True,True,11k:1558_L,11k:1558_L,0.692934662103653,False
dorsal,11k:1558,R,R,1,11k:1558_R,True,True,True,11k:1558_R,11k:1558_R,0.614366352558136,False
dorsal,11k:1562,L,L,1,11k:1562_L,True,True,True,11k:1562_L,11k:1562_L,0.5347698926925659,False
dorsal,11k:1562,R,R,1,11k:1562_R,True,True,True,11k:1562_R,11k:1562_R,0.2993320822715759,False
dorsal,11k:1567,L,L,1,11k:1567_L,True,True,True,11k:1567_L,11k:1567_L,0.47980985045433044,False
dorsal,11k:1567,R,R,1,11k:1567_R,True,True,True,11k:1567_R,11k:1567_R,0.5998881459236145,False
dorsal,11k:1571,L,L,1,11k:1571_L,True,True,True,11k:1571_L,11k:1571_L,0.5189596116542816,False
dorsal,11k:1571,R,R,1,11k:1571_R,True,True,True,11k:1571_R,11k:1571_R,0.43995988368988037,False
dorsal,11k:1579,L,L,1,11k:1579_L,True,True,True,11k:1579_L,11k:1579_L,0.5790444910526276,False
dorsal,11k:1579,R,R,1,11k:1579_R,True,True,True,11k:1579_R,11k:1579_R,0.6341288983821869,False
dorsal,11k:1585,L,L,1,11k:1585_L,True,True,True,11k:1585_L,11k:1585_L,0.49210166931152344,False
dorsal,11k:1585,R,R,1,11k:1585_R,True,True,True,11k:1585_R,11k:1585_R,0.40610912442207336,False
dorsal,11k:1588,L,L,1,11k:1588_L,True,True,True,11k:1588_L,11k:1588_L,0.5854818820953369,False
dorsal,11k:1588,R,R,1,11k:1588_R,True,True,True,11k:1588_R,11k:1588_R,0.5824562013149261,False
dorsal,11k:1589,L,L,1,11k:1589_L,True,True,True,11k:1589_L,11k:1589_L,0.4280075430870056,False
dorsal,11k:1589,R,R,1,11k:1589_R,True,True,True,11k:1589_R,11k:1589_R,0.4740920066833496,False
dorsal,11k:1592,L,L,2,11k:594_L,False,True,True,11k:1592_L,11k:594_L,0.05199837684631348,False
dorsal,11k:1592,R,R,1,11k:1592_R,True,True,True,11k:81_R,11k:1592_R,0.4049890637397766,False
dorsal,11k:1593,L,L,1,11k:1593_L,True,True,True,11k:1593_L,11k:1593_L,0.5865213871002197,False
dorsal,11k:1593,R,R,1,11k:1593_R,True,True,True,11k:1593_R,11k:1593_R,0.6502174139022827,False
dorsal,11k:1594,L,L,1,11k:1594_L,True,True,True,11k:1594_L,11k:1594_L,0.5269200801849365,False
dorsal,11k:1594,R,R,1,11k:1594_R,True,True,True,11k:1594_R,11k:1594_R,0.5120497345924377,False
dorsal,11k:3000000,L,L,1,11k:3000000_L,True,True,True,11k:3000000_L,11k:3000000_L,0.6264230012893677,False
dorsal,11k:3000000,R,R,1,11k:3000000_R,True,True,True,11k:3000000_R,11k:3000000_R,0.6220097541809082,False
dorsal,11k:538,L,L,1,11k:538_L,True,True,True,11k:538_L,11k:538_L,0.5007132589817047,False
dorsal,11k:538,R,R,1,11k:538_R,True,True,True,11k:538_R,11k:538_R,0.40529417991638184,False
dorsal,11k:54,L,L,1,11k:54_L,True,True,True,11k:54_L,11k:54_L,0.25559160113334656,False
dorsal,11k:54,R,R,1,11k:54_R,True,True,True,11k:54_R,11k:54_R,0.28382372856140137,False
dorsal,11k:541,L,L,1,11k:541_L,True,True,True,11k:541_L,11k:541_L,0.395255982875824,False
dorsal,11k:541,R,R,1,11k:541_R,True,True,True,11k:541_R,11k:541_R,0.3969913125038147,False
dorsal,11k:543,L,L,1,11k:543_L,True,True,True,11k:543_L,11k:543_L,0.4159960150718689,False
dorsal,11k:543,R,R,1,11k:543_R,True,True,True,11k:543_R,11k:543_R,0.4643431603908539,False
dorsal,11k:546,L,L,1,11k:546_L,True,True,True,11k:546_L,11k:546_L,0.6150042116641998,False
dorsal,11k:546,R,R,1,11k:546_R,True,True,True,11k:546_R,11k:546_R,0.6176097393035889,False
dorsal,11k:55,L,L,1,11k:55_L,True,True,True,11k:55_L,11k:55_L,0.6013120710849762,False
dorsal,11k:55,R,R,1,11k:55_R,True,True,True,11k:55_R,11k:55_R,0.5974551439285278,False
dorsal,11k:552,L,L,1,11k:552_L,True,True,True,11k:552_L,11k:552_L,0.42980027198791504,False
dorsal,11k:552,R,R,1,11k:552_R,True,True,True,11k:552_R,11k:552_R,0.6483065485954285,False
dorsal,11k:559,L,L,1,11k:559_L,True,True,True,11k:559_L,11k:559_L,0.09715020656585693,False
dorsal,11k:559,R,R,1,11k:559_R,True,True,True,11k:65_R,11k:559_R,0.27146631479263306,False
dorsal,11k:57,L,L,1,11k:57_L,True,True,True,11k:57_L,11k:57_L,0.5142600834369659,False
dorsal,11k:57,R,R,1,11k:57_R,True,True,True,11k:57_R,11k:57_R,0.47901448607444763,False
dorsal,11k:570,L,L,1,11k:570_L,True,True,True,11k:570_L,11k:570_L,0.6274314224720001,False
dorsal,11k:570,R,R,1,11k:570_R,True,True,True,11k:570_R,11k:570_R,0.48081034421920776,False
dorsal,11k:571,L,L,1,11k:571_L,True,True,True,11k:571_L,11k:571_L,0.2596732974052429,False
dorsal,11k:571,R,R,1,11k:571_R,True,True,True,11k:571_R,11k:571_R,0.37556523084640503,False
dorsal,11k:572,L,L,1,11k:572_L,True,True,True,11k:572_L,11k:572_L,0.2596452832221985,False
dorsal,11k:572,R,R,1,11k:572_R,True,True,True,11k:572_R,11k:572_R,0.5329461693763733,False
dorsal,11k:573,L,L,1,11k:573_L,True,True,True,11k:573_L,11k:573_L,0.5438549518585205,False
dorsal,11k:573,R,R,1,11k:573_R,True,True,True,11k:573_R,11k:573_R,0.5677534639835358,False
dorsal,11k:581,L,L,1,11k:581_L,True,True,True,11k:581_L,11k:581_L,0.5755910277366638,False
dorsal,11k:581,R,R,1,11k:581_R,True,True,True,11k:581_R,11k:581_R,0.5389736294746399,False
dorsal,11k:586,L,L,1,11k:586_L,True,True,True,11k:586_L,11k:586_L,0.6180573105812073,False
dorsal,11k:586,R,R,1,11k:586_R,True,True,True,11k:586_R,11k:586_R,0.45840984582901,False
dorsal,11k:587,L,L,1,11k:587_L,True,True,True,11k:587_L,11k:587_L,0.6126397848129272,False
dorsal,11k:587,R,R,1,11k:587_R,True,True,True,11k:587_R,11k:587_R,0.6544986963272095,False
dorsal,11k:588,L,L,1,11k:588_L,True,True,True,11k:588_L,11k:588_L,0.571321576833725,False
dorsal,11k:588,R,R,1,11k:588_R,True,True,True,11k:588_R,11k:588_R,0.5225202739238739,False
dorsal,11k:594,L,L,1,11k:594_L,True,True,True,11k:594_L,11k:594_L,0.5547391176223755,False
dorsal,11k:594,R,R,1,11k:594_R,True,True,True,11k:594_R,11k:594_R,0.416024386882782,False
dorsal,11k:595,L,L,1,11k:595_L,True,True,True,11k:595_L,11k:595_L,0.5337629020214081,False
dorsal,11k:595,R,R,1,11k:595_R,True,True,True,11k:595_R,11k:595_R,0.5876373946666718,False
dorsal,11k:596,L,L,1,11k:596_L,True,True,True,11k:596_L,11k:596_L,0.6096669435501099,False
dorsal,11k:596,R,R,1,11k:596_R,True,True,True,11k:596_R,11k:596_R,0.7236458212137222,False
dorsal,11k:6000000,L,L,1,11k:6000000_L,True,True,True,11k:6000000_L,11k:6000000_L,0.44352418184280396,False
dorsal,11k:6000000,R,R,1,11k:6000000_R,True,True,True,11k:6000000_R,11k:6000000_R,0.48310142755508423,False
dorsal,11k:62,L,L,1,11k:62_L,True,True,True,11k:62_L,11k:62_L,0.4723903238773346,False
dorsal,11k:62,R,R,1,11k:62_R,True,True,True,11k:62_R,11k:62_R,0.5379803776741028,False
dorsal,11k:65,L,L,1,11k:65_L,True,True,True,11k:65_L,11k:65_L,0.4095563292503357,False
dorsal,11k:65,R,R,1,11k:65_R,True,True,True,11k:65_R,11k:65_R,0.5108554065227509,False
dorsal,11k:66,L,L,1,11k:66_L,True,True,True,11k:66_L,11k:66_L,0.5316808819770813,False
dorsal,11k:66,R,R,1,11k:66_R,True,True,True,11k:66_R,11k:66_R,0.5878357887268066,False
dorsal,11k:7000000,L,L,1,11k:7000000_L,True,True,True,11k:7000000_L,11k:7000000_L,0.5632679462432861,False
dorsal,11k:7000000,R,R,1,11k:7000000_R,True,True,True,11k:7000000_R,11k:7000000_R,0.5610562860965729,False
dorsal,11k:8,L,L,1,11k:8_L,True,True,True,11k:8_L,11k:8_L,0.39263099431991577,False
dorsal,11k:8,R,R,1,11k:8_R,True,True,True,11k:8_R,11k:8_R,0.3990080952644348,False
dorsal,11k:81,L,L,1,11k:81_L,True,True,True,11k:81_L,11k:81_L,0.5578174293041229,False
dorsal,11k:81,R,R,1,11k:81_R,True,True,True,11k:81_R,11k:81_R,0.3916616439819336,False
dorsal,11k:86,L,L,1,11k:86_L,True,True,True,11k:86_L,11k:86_L,0.44551143050193787,False
dorsal,11k:86,R,R,1,11k:86_R,True,True,True,11k:86_R,11k:86_R,0.10393202304840088,False
dorsal,11k:88,L,L,1,11k:88_L,True,True,True,11k:88_L,11k:88_L,0.4680315852165222,False
dorsal,11k:88,R,R,1,11k:88_R,True,True,True,11k:88_R,11k:88_R,0.39885401725769043,False
dorsal,11k:9000000,L,L,1,11k:9000000_L,True,True,True,11k:9000000_L,11k:9000000_L,0.5083784461021423,False
dorsal,11k:9000000,R,R,1,11k:9000000_R,True,True,True,11k:9000000_R,11k:9000000_R,0.4644114375114441,False
dorsal,11k:92,L,L,1,11k:92_L,True,True,True,11k:92_L,11k:92_L,0.23679298162460327,False
dorsal,11k:92,R,R,1,11k:92_R,True,True,True,11k:92_R,11k:92_R,0.2022455334663391,False
fused,11k:10,L,L,1,11k:10_L,True,True,True,11k:10_L,11k:10_L,2.425972421740166,False
fused,11k:10,R,R,1,11k:10_R,True,True,True,11k:10_R,11k:10_R,2.9341659206854502,False
fused,11k:1000000,L,L,1,11k:1000000_L,True,True,True,11k:1000000_L,11k:1000000_L,3.6592997210051386,False
fused,11k:1000000,R,R,1,11k:1000000_R,True,True,True,11k:1000000_R,11k:1000000_R,2.6722077308531818,False
fused,11k:1005,L,L,1,11k:1005_L,True,True,True,11k:1005_L,11k:1005_L,2.6701851159445837,False
fused,11k:1005,R,R,1,11k:1005_R,True,True,True,11k:1005_R,11k:1005_R,1.5916624257495604,False
fused,11k:1008,L,L,1,11k:1008_L,True,True,True,11k:1008_L,11k:1008_L,3.553204069710281,False
fused,11k:1008,R,R,1,11k:1008_R,True,True,True,11k:1008_R,11k:1008_R,3.166527903116134,False
fused,11k:1009,L,L,1,11k:1009_L,True,True,True,11k:1009_L,11k:1009_L,3.5219317894603828,False
fused,11k:1009,R,R,1,11k:1009_R,True,True,True,11k:1009_R,11k:1009_R,3.8220430651160084,False
fused,11k:1011,L,L,1,11k:1011_L,True,True,True,11k:1011_L,11k:1011_L,3.897364503120648,False
fused,11k:1011,R,R,1,11k:1011_R,True,True,True,11k:1011_R,11k:1011_R,3.8405004276098023,False
fused,11k:1013,L,L,1,11k:1013_L,True,True,True,11k:1013_L,11k:1013_L,4.115338176181805,False
fused,11k:1013,R,R,1,11k:1013_R,True,True,True,11k:1013_R,11k:1013_R,3.9816221780349728,False
fused,11k:1014,L,L,1,11k:1014_L,True,True,True,11k:1014_L,11k:1014_L,3.3652379882698806,False
fused,11k:1014,R,R,1,11k:1014_R,True,True,True,11k:1014_R,11k:1014_R,3.8129828969023247,False
fused,11k:1018,L,L,1,11k:1018_L,True,True,True,11k:1018_L,11k:1018_L,3.799118559258679,False
fused,11k:1018,R,R,1,11k:1018_R,True,True,True,11k:1018_R,11k:1018_R,3.9036663037979458,False
fused,11k:1019,L,L,1,11k:1019_L,True,True,True,11k:1019_L,11k:1019_L,3.419309161075236,False
fused,11k:1019,R,R,1,11k:1019_R,True,True,True,11k:1019_R,11k:1019_R,3.4381776397248975,False
fused,11k:1020,L,L,1,11k:1020_L,True,True,True,11k:1020_L,11k:1020_L,4.216456147167681,False
fused,11k:1020,R,R,1,11k:1020_R,True,True,True,11k:1020_R,11k:1020_R,3.872609321214129,False
fused,11k:1021,L,L,1,11k:1021_L,True,True,True,11k:1021_L,11k:1021_L,4.049092524172892,False
fused,11k:1021,R,R,1,11k:1021_R,True,True,True,11k:1021_R,11k:1021_R,3.780249801765546,False
fused,11k:1023,L,L,1,11k:1023_L,True,True,True,11k:54_L,11k:1023_L,0.7847961393624496,False
fused,11k:1023,R,R,1,11k:1023_R,True,True,True,11k:1023_R,11k:1023_R,2.259282518374091,False
fused,11k:1024,L,L,1,11k:1024_L,True,True,True,11k:1024_L,11k:1024_L,3.350075497195583,False
fused,11k:1024,R,R,1,11k:1024_R,True,True,True,11k:1024_R,11k:1024_R,3.9766416773776965,False
fused,11k:1028,L,L,1,11k:1028_L,True,True,True,11k:1028_L,11k:1028_L,2.5838932383569144,False
fused,11k:1028,R,R,1,11k:1028_R,True,True,True,11k:1028_R,11k:1028_R,3.090427782024319,False
fused,11k:1029,L,L,1,11k:1029_L,True,True,True,11k:1029_L,11k:1029_L,4.164933456050921,False
fused,11k:1029,R,R,1,11k:1029_R,True,True,True,11k:1029_R,11k:1029_R,4.230320055355454,False
fused,11k:1032,L,L,1,11k:1032_L,True,True,True,11k:1032_L,11k:1032_L,3.6253169802373115,False
fused,11k:1032,R,R,1,11k:1032_R,True,True,True,11k:1032_R,11k:1032_R,3.5585614118499094,False
fused,11k:1033,L,L,1,11k:1033_L,True,True,True,11k:1033_L,11k:1033_L,3.973428553691809,False
fused,11k:1033,R,R,1,11k:1033_R,True,True,True,11k:1033_R,11k:1033_R,3.727701325199202,False
fused,11k:1034,L,L,1,11k:1034_L,True,True,True,11k:1034_L,11k:1034_L,4.096123635664691,False
fused,11k:1034,R,R,1,11k:1034_R,True,True,True,11k:1034_R,11k:1034_R,3.8611615972087234,False
fused,11k:1035,L,L,1,11k:1035_L,True,True,True,11k:1035_L,11k:1035_L,4.138248485249127,False
fused,11k:1035,R,R,1,11k:1035_R,True,True,True,11k:1035_R,11k:1035_R,4.1937704154210245,False
fused,11k:1037,L,L,1,11k:1037_L,True,True,True,11k:1037_L,11k:1037_L,3.9926601837791504,False
fused,11k:1037,R,R,1,11k:1037_R,True,True,True,11k:1037_R,11k:1037_R,3.8906085207977976,False
fused,11k:1039,L,L,1,11k:1039_L,True,True,True,11k:1039_L,11k:1039_L,3.686840638778783,False
fused,11k:1039,R,R,1,11k:1039_R,True,True,True,11k:1039_R,11k:1039_R,3.6991831062540728,False
fused,11k:1041,L,L,1,11k:1041_L,True,True,True,11k:1041_L,11k:1041_L,3.85436877996326,False
fused,11k:1041,R,R,1,11k:1041_R,True,True,True,11k:1041_R,11k:1041_R,3.788289369655231,False
fused,11k:1043,L,L,1,11k:1043_L,True,True,True,11k:1043_L,11k:1043_L,3.6586470832518527,False
fused,11k:1043,R,R,1,11k:1043_R,True,True,True,11k:1043_R,11k:1043_R,3.509378829767289,False
fused,11k:1046,L,L,1,11k:1046_L,True,True,True,11k:1046_L,11k:1046_L,3.8895090670880377,False
fused,11k:1046,R,R,1,11k:1046_R,True,True,True,11k:1046_R,11k:1046_R,4.037891660418013,False
fused,11k:1050,L,L,1,11k:1050_L,True,True,True,11k:1050_L,11k:1050_L,3.5633743881796085,False
fused,11k:1050,R,R,1,11k:1050_R,True,True,True,11k:1050_R,11k:1050_R,4.179429966215644,False
fused,11k:1051,L,L,1,11k:1051_L,True,True,True,11k:1051_L,11k:1051_L,3.70440254078823,False
fused,11k:1051,R,R,1,11k:1051_R,True,True,True,11k:1051_R,11k:1051_R,3.805351285040491,False
fused,11k:1052,L,L,1,11k:1052_L,True,True,True,11k:1052_L,11k:1052_L,3.981569557074403,False
fused,11k:1052,R,R,1,11k:1052_R,True,True,True,11k:1052_R,11k:1052_R,3.938998691299409,False
fused,11k:1059,L,L,1,11k:1059_L,True,True,True,11k:1059_L,11k:1059_L,3.9061414014714786,False
fused,11k:1059,R,R,1,11k:1059_R,True,True,True,11k:1059_R,11k:1059_R,3.7259583379884433,False
fused,11k:1060,L,L,1,11k:1060_L,True,True,True,11k:1060_L,11k:1060_L,3.4944831341359386,False
fused,11k:1060,R,R,1,11k:1060_R,True,True,True,11k:1060_R,11k:1060_R,3.3490747435507773,False
fused,11k:1061,L,L,1,11k:1061_L,True,True,True,11k:1061_L,11k:1061_L,3.490471160807714,False
fused,11k:1061,R,R,1,11k:1061_R,True,True,True,11k:1061_R,11k:1061_R,3.6959986803657454,False
fused,11k:1067,L,L,1,11k:1067_L,True,True,True,11k:1067_L,11k:1067_L,3.9888685701548807,False
fused,11k:1067,R,R,1,11k:1067_R,True,True,True,11k:1067_R,11k:1067_R,4.18720686132967,False
fused,11k:1070,L,L,1,11k:1070_L,True,True,True,11k:1070_L,11k:1070_L,3.888175292786463,False
fused,11k:1070,R,R,1,11k:1070_R,True,True,True,11k:1070_R,11k:1070_R,3.369756118596902,False
fused,11k:1074,L,L,1,11k:1074_L,True,True,True,11k:1074_L,11k:1074_L,1.9294900025077486,False
fused,11k:1074,R,R,1,11k:1074_R,True,True,True,11k:1074_R,11k:1074_R,2.9237755944733443,False
fused,11k:1075,L,L,1,11k:1075_L,True,True,True,11k:1075_L,11k:1075_L,4.049402550520913,False
fused,11k:1075,R,R,1,11k:1075_R,True,True,True,11k:1075_R,11k:1075_R,4.271763644301325,False
fused,11k:1079,L,L,1,11k:1079_L,True,True,True,11k:1079_L,11k:1079_L,3.7725760857259343,False
fused,11k:1079,R,R,1,11k:1079_R,True,True,True,11k:1079_R,11k:1079_R,3.958126819024627,False
fused,11k:1080,L,L,1,11k:1080_L,True,True,True,11k:1080_L,11k:1080_L,4.132640556171928,False
fused,11k:1080,R,R,1,11k:1080_R,True,True,True,11k:1080_R,11k:1080_R,3.9301306553321775,False
fused,11k:1081,L,L,1,11k:1081_L,True,True,True,11k:1081_L,11k:1081_L,3.705709546406948,False
fused,11k:1081,R,R,1,11k:1081_R,True,True,True,11k:1081_R,11k:1081_R,3.986692360101469,False
fused,11k:1088,L,L,1,11k:1088_L,True,True,True,11k:1088_L,11k:1088_L,4.083624436960761,False
fused,11k:1088,R,R,1,11k:1088_R,True,True,True,11k:1088_R,11k:1088_R,3.867866608569802,False
fused,11k:1090,L,L,1,11k:1090_L,True,True,True,11k:1090_L,11k:1090_L,3.905664737518182,False
fused,11k:1090,R,R,1,11k:1090_R,True,True,True,11k:1090_R,11k:1090_R,3.507533461524586,False
fused,11k:1093,L,L,1,11k:1093_L,True,True,True,11k:1093_L,11k:1093_L,2.7994036582385293,False
fused,11k:1093,R,R,1,11k:1093_R,True,True,True,11k:1093_R,11k:1093_R,2.5944784308002857,False
fused,11k:11,L,L,1,11k:11_L,True,True,True,11k:11_L,11k:11_L,3.3673385262453808,False
fused,11k:11,R,R,1,11k:11_R,True,True,True,11k:11_R,11k:11_R,3.541439376766852,False
fused,11k:12,R,R,1,11k:12_R,True,True,True,11k:12_R,11k:12_R,3.5806704092571353,False
fused,11k:13,L,L,1,11k:13_L,True,True,True,11k:13_L,11k:13_L,2.353305062160123,False
fused,11k:13,R,R,1,11k:13_R,True,True,True,11k:54_R,11k:13_R,1.169682945408323,False
fused,11k:1503,L,L,1,11k:1503_L,True,True,True,11k:1503_L,11k:1503_L,3.8226939598580323,False
fused,11k:1503,R,R,1,11k:1503_R,True,True,True,11k:1503_R,11k:1503_R,3.5945332789688975,False
fused,11k:1504,L,L,1,11k:1504_L,True,True,True,11k:1504_L,11k:1504_L,3.5751515205192166,False
fused,11k:1504,R,R,1,11k:1504_R,True,True,True,11k:1504_R,11k:1504_R,3.9819741644577666,False
fused,11k:1505,L,L,1,11k:1505_L,True,True,True,11k:1505_L,11k:1505_L,3.889694152249936,False
fused,11k:1505,R,R,1,11k:1505_R,True,True,True,11k:1505_R,11k:1505_R,3.8999939797369754,False
fused,11k:1509,L,L,1,11k:1509_L,True,True,True,11k:1509_L,11k:1509_L,3.050339368428646,False
fused,11k:1509,R,R,1,11k:1509_R,True,True,True,11k:1509_R,11k:1509_R,2.8537523125577486,False
fused,11k:1510,L,L,1,11k:1510_L,True,True,True,11k:1510_L,11k:1510_L,2.0749540686244994,False
fused,11k:1510,R,R,1,11k:1510_R,True,True,True,11k:1510_R,11k:1510_R,2.559184197132354,False
fused,11k:1513,L,L,1,11k:1513_L,True,True,True,11k:1513_L,11k:1513_L,2.714458502215928,False
fused,11k:1513,R,R,1,11k:1513_R,True,True,True,11k:1513_R,11k:1513_R,2.73556174714575,False
fused,11k:1515,L,L,1,11k:1515_L,True,True,True,11k:1515_L,11k:1515_L,2.8646208187721007,False
fused,11k:1515,R,R,1,11k:1515_R,True,True,True,11k:1515_R,11k:1515_R,2.490738432873404,False
fused,11k:1516,L,L,1,11k:1516_L,True,True,True,11k:1516_L,11k:1516_L,3.283329619115003,False
fused,11k:1516,R,R,1,11k:1516_R,True,True,True,11k:1516_R,11k:1516_R,2.917434684658267,False
fused,11k:1517,L,L,1,11k:1517_L,True,True,True,11k:1517_L,11k:1517_L,3.951354621829495,False
fused,11k:1517,R,R,1,11k:1517_R,True,True,True,11k:1517_R,11k:1517_R,4.140466945678865,False
fused,11k:1518,L,L,1,11k:1518_L,True,True,True,11k:1518_L,11k:1518_L,3.9559159656215406,False
fused,11k:1518,R,R,1,11k:1518_R,True,True,True,11k:1518_R,11k:1518_R,3.709906686852746,False
fused,11k:1519,L,L,1,11k:1519_L,True,True,True,11k:1519_L,11k:1519_L,3.454989565706036,False
fused,11k:1519,R,R,1,11k:1519_R,True,True,True,11k:1519_R,11k:1519_R,3.3723421467041512,False
fused,11k:1520,L,L,1,11k:1520_L,True,True,True,11k:1520_L,11k:1520_L,4.055621920122891,False
fused,11k:1520,R,R,1,11k:1520_R,True,True,True,11k:1520_R,11k:1520_R,3.5847927230541297,False
fused,11k:1525,L,L,1,11k:1525_L,True,True,True,11k:1525_L,11k:1525_L,3.2161966967464064,False
fused,11k:1525,R,R,1,11k:1525_R,True,True,True,11k:1525_R,11k:1525_R,3.8632568712072506,False
fused,11k:1531,L,L,1,11k:1531_L,True,True,True,11k:1531_L,11k:1531_L,3.6330221844067805,False
fused,11k:1531,R,R,1,11k:1531_R,True,True,True,11k:1531_R,11k:1531_R,4.076873345911398,False
fused,11k:1532,L,L,1,11k:1532_L,True,True,True,11k:1532_L,11k:1532_L,2.3320402107046947,False
fused,11k:1532,R,R,1,11k:1532_R,True,True,True,11k:1532_R,11k:1532_R,2.9899923855597006,False
fused,11k:1533,L,L,1,11k:1533_L,True,True,True,11k:1533_L,11k:1533_L,3.954221348614986,False
fused,11k:1533,R,R,1,11k:1533_R,True,True,True,11k:1533_R,11k:1533_R,3.851345131245633,False
fused,11k:1535,L,L,1,11k:1535_L,True,True,True,11k:1535_L,11k:1535_L,3.739285530134923,False
fused,11k:1535,R,R,1,11k:1535_R,True,True,True,11k:1535_R,11k:1535_R,3.927593413598101,False
fused,11k:1536,L,L,1,11k:1536_L,True,True,True,11k:1536_L,11k:1536_L,3.3383178875509407,False
fused,11k:1536,R,R,1,11k:1536_R,True,True,True,11k:1536_R,11k:1536_R,3.2265385588187097,False
fused,11k:1537,L,L,1,11k:1537_L,True,True,True,11k:1537_L,11k:1537_L,4.02182104122489,False
fused,11k:1537,R,R,1,11k:1537_R,True,True,True,11k:1537_R,11k:1537_R,3.961887665169799,False
fused,11k:1539,L,L,1,11k:1539_L,True,True,True,11k:1539_L,11k:1539_L,3.802318181056836,False
fused,11k:1539,R,R,1,11k:1539_R,True,True,True,11k:1539_R,11k:1539_R,3.6836104242394203,False
fused,11k:1541,L,L,1,11k:1541_L,True,True,True,11k:1541_L,11k:1541_L,3.328443762714725,False
fused,11k:1541,R,R,1,11k:1541_R,True,True,True,11k:1541_R,11k:1541_R,3.575764233882445,False
fused,11k:1543,L,L,1,11k:1543_L,True,True,True,11k:1543_L,11k:1543_L,3.000748181879931,False
fused,11k:1543,R,R,1,11k:1543_R,True,True,True,11k:1543_R,11k:1543_R,3.2892135471718955,False
fused,11k:1544,L,L,1,11k:1544_L,True,True,True,11k:1544_L,11k:1544_L,4.023306742723185,False
fused,11k:1544,R,R,1,11k:1544_R,True,True,True,11k:1544_R,11k:1544_R,3.286467212673344,False
fused,11k:1545,L,L,1,11k:1545_L,True,True,True,11k:1545_L,11k:1545_L,3.415128577294832,False
fused,11k:1545,R,R,1,11k:1545_R,True,True,True,11k:1545_R,11k:1545_R,4.015175369692889,False
fused,11k:1547,L,L,1,11k:1547_L,True,True,True,11k:1547_L,11k:1547_L,3.612758377375631,False
fused,11k:1547,R,R,1,11k:1547_R,True,True,True,11k:1547_R,11k:1547_R,3.9356626599309577,False
fused,11k:1553,L,L,1,11k:1553_L,True,True,True,11k:1553_L,11k:1553_L,3.3266942210664636,False
fused,11k:1553,R,R,1,11k:1553_R,True,True,True,11k:1553_R,11k:1553_R,3.389174382942584,False
fused,11k:1555,L,L,1,11k:1555_L,True,True,True,11k:1555_L,11k:1555_L,3.7129007459566115,False
fused,11k:1555,R,R,1,11k:1555_R,True,True,True,11k:1555_R,11k:1555_R,3.748628911466546,False
fused,11k:1556,L,L,1,11k:1556_L,True,True,True,11k:1556_L,11k:1556_L,4.257109458893945,False
fused,11k:1556,R,R,1,11k:1556_R,True,True,True,11k:1556_R,11k:1556_R,3.703873865876355,False
fused,11k:1558,L,L,1,11k:1558_L,True,True,True,11k:1558_L,11k:1558_L,4.3643442977292555,False
fused,11k:1558,R,R,1,11k:1558_R,True,True,True,11k:1558_R,11k:1558_R,3.822566337041353,False
fused,11k:1562,L,L,1,11k:1562_L,True,True,True,11k:1562_L,11k:1562_L,3.4730315708746637,False
fused,11k:1562,R,R,1,11k:1562_R,True,True,True,11k:1562_R,11k:1562_R,3.3399115979935177,False
fused,11k:1567,L,L,1,11k:1567_L,True,True,True,11k:1567_L,11k:1567_L,3.70949259544016,False
fused,11k:1567,R,R,1,11k:1567_R,True,True,True,11k:1567_R,11k:1567_R,3.8683006838289398,False
fused,11k:1571,L,L,1,11k:1571_L,True,True,True,11k:1571_L,11k:1571_L,2.305753147546231,False
fused,11k:1571,R,R,1,11k:1571_R,True,True,True,11k:1571_R,11k:1571_R,2.051081184444005,False
fused,11k:1579,L,L,1,11k:1579_L,True,True,True,11k:1579_L,11k:1579_L,4.000115518292728,False
fused,11k:1579,R,R,1,11k:1579_R,True,True,True,11k:1579_R,11k:1579_R,4.175011973012222,False
fused,11k:1585,L,L,1,11k:1585_L,True,True,True,11k:1585_L,11k:1585_L,3.4991631688751377,False
fused,11k:1585,R,R,1,11k:1585_R,True,True,True,11k:1585_R,11k:1585_R,2.8288107821242736,False
fused,11k:1588,L,L,1,11k:1588_L,True,True,True,11k:1588_L,11k:1588_L,3.790660537075884,False
fused,11k:1588,R,R,1,11k:1588_R,True,True,True,11k:1588_R,11k:1588_R,3.3672352306540914,False
fused,11k:1589,L,L,1,11k:1589_L,True,True,True,11k:1589_L,11k:1589_L,2.8688113655208345,False
fused,11k:1589,R,R,1,11k:1589_R,True,True,True,11k:1589_R,11k:1589_R,3.5418304130479314,False
fused,11k:1592,L,L,1,11k:1592_L,True,True,True,11k:1592_L,11k:594_L,1.237391428293459,False
fused,11k:1592,R,R,1,11k:1592_R,True,True,True,11k:81_R,11k:1592_R,1.0587425693849566,False
fused,11k:1593,L,L,1,11k:1593_L,True,True,True,11k:1593_L,11k:1593_L,3.8974928730855307,False
fused,11k:1593,R,R,1,11k:1593_R,True,True,True,11k:1593_R,11k:1593_R,3.4726678149945016,False
fused,11k:1594,L,L,1,11k:1594_L,True,True,True,11k:1594_L,11k:1594_L,4.048080092165572,False
fused,11k:1594,R,R,1,11k:1594_R,True,True,True,11k:1594_R,11k:1594_R,3.732340744799423,False
fused,11k:3000000,L,L,1,11k:3000000_L,True,True,True,11k:3000000_L,11k:3000000_L,3.2431716987084998,False
fused,11k:3000000,R,R,1,11k:3000000_R,True,True,True,11k:3000000_R,11k:3000000_R,3.181679054144102,False
fused,11k:538,L,L,1,11k:538_L,True,True,True,11k:538_L,11k:538_L,3.4009875247932473,False
fused,11k:538,R,R,1,11k:538_R,True,True,True,11k:538_R,11k:538_R,3.5263519047504905,False
fused,11k:54,L,L,1,11k:54_L,True,True,True,11k:54_L,11k:54_L,1.004149924916307,False
fused,11k:54,R,R,1,11k:54_R,True,True,True,11k:54_R,11k:54_R,1.7303556721646376,False
fused,11k:541,L,L,1,11k:541_L,True,True,True,11k:541_L,11k:541_L,3.2099572699461967,False
fused,11k:541,R,R,1,11k:541_R,True,True,True,11k:541_R,11k:541_R,3.1317612056513022,False
fused,11k:543,L,L,1,11k:543_L,True,True,True,11k:543_L,11k:543_L,2.1871921583012535,False
fused,11k:543,R,R,1,11k:543_R,True,True,True,11k:543_R,11k:543_R,1.9554612846283863,False
fused,11k:546,L,L,1,11k:546_L,True,True,True,11k:546_L,11k:546_L,3.916706315888213,False
fused,11k:546,R,R,1,11k:546_R,True,True,True,11k:546_R,11k:546_R,3.8109013837246,False
fused,11k:55,L,L,1,11k:55_L,True,True,True,11k:55_L,11k:55_L,3.7892440152485705,False
fused,11k:55,R,R,1,11k:55_R,True,True,True,11k:55_R,11k:55_R,3.9106202691339083,False
fused,11k:552,L,L,1,11k:552_L,True,True,True,11k:552_L,11k:552_L,4.000434224766893,False
fused,11k:552,R,R,1,11k:552_R,True,True,True,11k:552_R,11k:552_R,3.933323299412053,False
fused,11k:559,L,L,1,11k:559_L,True,True,True,11k:559_L,11k:559_L,1.310365134657252,False
fused,11k:559,R,R,1,11k:559_R,True,True,True,11k:65_R,11k:559_R,0.8809845371348786,False
fused,11k:57,L,L,1,11k:57_L,True,True,True,11k:57_L,11k:57_L,3.373260662931179,False
fused,11k:57,R,R,1,11k:57_R,True,True,True,11k:57_R,11k:57_R,3.528279457181072,False
fused,11k:570,L,L,1,11k:570_L,True,True,True,11k:570_L,11k:570_L,4.026119330801182,False
fused,11k:570,R,R,1,11k:570_R,True,True,True,11k:570_R,11k:570_R,3.4506306745401867,False
fused,11k:571,L,L,1,11k:571_L,True,True,True,11k:571_L,11k:571_L,2.7486705483711873,False
fused,11k:571,R,R,1,11k:571_R,True,True,True,11k:571_R,11k:571_R,2.8700565010154726,False
fused,11k:572,L,L,1,11k:572_L,True,True,True,11k:572_L,11k:572_L,2.5102890600016345,False
fused,11k:572,R,R,1,11k:572_R,True,True,True,11k:572_R,11k:572_R,2.1645186179061873,False
fused,11k:573,L,L,1,11k:573_L,True,True,True,11k:573_L,11k:573_L,3.5921247876519633,False
fused,11k:573,R,R,1,11k:573_R,True,True,True,11k:573_R,11k:573_R,3.5534786293441933,False
fused,11k:581,L,L,1,11k:581_L,True,True,True,11k:581_L,11k:581_L,3.605918597151371,False
fused,11k:581,R,R,1,11k:581_R,True,True,True,11k:581_R,11k:581_R,3.795714366428852,False
fused,11k:586,L,L,1,11k:586_L,True,True,True,11k:586_L,11k:586_L,3.8644929083103197,False
fused,11k:586,R,R,1,11k:586_R,True,True,True,11k:586_R,11k:586_R,3.3619042767378193,False
fused,11k:587,L,L,1,11k:587_L,True,True,True,11k:587_L,11k:587_L,3.9986023159738306,False
fused,11k:587,R,R,1,11k:587_R,True,True,True,11k:587_R,11k:587_R,3.82890777729596,False
fused,11k:588,L,L,1,11k:588_L,True,True,True,11k:588_L,11k:588_L,3.8070120599539132,False
fused,11k:588,R,R,1,11k:588_R,True,True,True,11k:588_R,11k:588_R,3.599164466698526,False
fused,11k:594,L,L,1,11k:594_L,True,True,True,11k:594_L,11k:594_L,2.9908317497541534,False
fused,11k:594,R,R,1,11k:594_R,True,True,True,11k:594_R,11k:594_R,2.6555727425199693,False
fused,11k:595,L,L,1,11k:595_L,True,True,True,11k:595_L,11k:595_L,3.986574236022114,False
fused,11k:595,R,R,1,11k:595_R,True,True,True,11k:595_R,11k:595_R,3.5356483584885523,False
fused,11k:596,L,L,1,11k:596_L,True,True,True,11k:596_L,11k:596_L,3.668238679997941,False
fused,11k:596,R,R,1,11k:596_R,True,True,True,11k:596_R,11k:596_R,4.209721155423189,False
fused,11k:6000000,L,L,1,11k:6000000_L,True,True,True,11k:6000000_L,11k:6000000_L,3.3496958518307873,False
fused,11k:6000000,R,R,1,11k:6000000_R,True,True,True,11k:6000000_R,11k:6000000_R,2.668062081606194,False
fused,11k:62,L,L,1,11k:62_L,True,True,True,11k:62_L,11k:62_L,3.411578836433753,False
fused,11k:62,R,R,1,11k:62_R,True,True,True,11k:62_R,11k:62_R,3.366855351820483,False
fused,11k:65,L,L,1,11k:65_L,True,True,True,11k:65_L,11k:65_L,2.3848367207901475,False
fused,11k:65,R,R,1,11k:65_R,True,True,True,11k:65_R,11k:65_R,3.3718893621472894,False
fused,11k:66,L,L,1,11k:66_L,True,True,True,11k:66_L,11k:66_L,3.3527946242044027,False
fused,11k:66,R,R,1,11k:66_R,True,True,True,11k:66_R,11k:66_R,3.9091500598936486,False
fused,11k:7000000,L,L,1,11k:7000000_L,True,True,True,11k:7000000_L,11k:7000000_L,3.376071765093359,False
fused,11k:7000000,R,R,1,11k:7000000_R,True,True,True,11k:7000000_R,11k:7000000_R,3.070147708127383,False
fused,11k:8,L,L,1,11k:8_L,True,True,True,11k:8_L,11k:8_L,2.5784452361754777,False
fused,11k:8,R,R,1,11k:8_R,True,True,True,11k:8_R,11k:8_R,3.1500814476348453,False
fused,11k:81,L,L,1,11k:81_L,True,True,True,11k:81_L,11k:81_L,3.426290427781592,False
fused,11k:81,R,R,1,11k:81_R,True,True,True,11k:81_R,11k:81_R,2.806599978836491,False
fused,11k:86,L,L,1,11k:86_L,True,True,True,11k:86_L,11k:86_L,2.9712512373001947,False
fused,11k:86,R,R,1,11k:86_R,True,True,True,11k:86_R,11k:86_R,2.3715094957729224,False
fused,11k:88,L,L,1,11k:88_L,True,True,True,11k:88_L,11k:88_L,3.069621638702751,False
fused,11k:88,R,R,1,11k:88_R,True,True,True,11k:88_R,11k:88_R,3.2716001311249316,False
fused,11k:9000000,L,L,1,11k:9000000_L,True,True,True,11k:9000000_L,11k:9000000_L,4.059367821951734,False
fused,11k:9000000,R,R,1,11k:9000000_R,True,True,True,11k:9000000_R,11k:9000000_R,3.56198401654745,False
fused,11k:92,L,L,1,11k:92_L,True,True,True,11k:92_L,11k:92_L,1.5116440983408248,False
fused,11k:92,R,R,1,11k:92_R,True,True,True,11k:92_R,11k:92_R,2.0597485909216022,False
